186	194	https://github.com/Lullabook/Lullabook/issues/194	PVTI_lADOEnHDc84BfFqgzg0-s-A
187	195	https://github.com/Lullabook/Lullabook/issues/195	PVTI_lADOEnHDc84BfFqgzg0-s_c
188	196	https://github.com/Lullabook/Lullabook/issues/196	PVTI_lADOEnHDc84BfFqgzg0-tAw
189	197	https://github.com/Lullabook/Lullabook/issues/197	PVTI_lADOEnHDc84BfFqgzg0-tCY
190	198	https://github.com/Lullabook/Lullabook/issues/198	PVTI_lADOEnHDc84BfFqgzg0-tD0
191	199	https://github.com/Lullabook/Lullabook/issues/199	PVTI_lADOEnHDc84BfFqgzg0-tFw
192	200	https://github.com/Lullabook/Lullabook/issues/200	PVTI_lADOEnHDc84BfFqgzg0-tHE
193	201	https://github.com/Lullabook/Lullabook/issues/201	PVTI_lADOEnHDc84BfFqgzg0-tI8
194	202	https://github.com/Lullabook/Lullabook/issues/202	PVTI_lADOEnHDc84BfFqgzg0-tOk
195	203	https://github.com/Lullabook/Lullabook/issues/203	PVTI_lADOEnHDc84BfFqgzg0-tTs
196	204	https://github.com/Lullabook/Lullabook/issues/204	PVTI_lADOEnHDc84BfFqgzg0-tVc
197	205	https://github.com/Lullabook/Lullabook/issues/205	PVTI_lADOEnHDc84BfFqgzg0-tXU
